{
  "alpha": 1.0,
  "delta": 0.06,
  "fitted_at": "2026-04-09T06:59:32.010033+00:00",
  "n_train": 125,
  "raw_brier": 0.24167647391999997,
  "market_brier": 0.24305974,
  "calibrated_brier": 0.23525847264000005,
  "p_value_vs_market": 0.03946634799058036
}